{
  "project_info": {
    "project_number": "257121816686",
    "firebase_url": "https://kristina-a3849-default-rtdb.firebaseio.com",
    "project_id": "kristina-a3849",
    "storage_bucket": "kristina-a3849.appspot.com"
  },
  "client": [
    {
      "client_info": {
        "mobilesdk_app_id": "1:257121816686:android:eb0bdc9a9ead8ce98f567f",
        "android_client_info": {
          "package_name": "com.example.ex"
        }
      },
      "oauth_client": [
        {
          "client_id": "257121816686-771jee03ahlu2hcdv9i7lst3j8a9vgbf.apps.googleusercontent.com",
          "client_type": 3
        }
      ],
      "api_key": [
        {
          "current_key": "AIzaSyAWhEYMrWzVVBFnLeQOWqVt7d7ubjG3VPQ"
        }
      ],
      "services": {
        "appinvite_service": {
          "other_platform_oauth_client": [
            {
              "client_id": "257121816686-771jee03ahlu2hcdv9i7lst3j8a9vgbf.apps.googleusercontent.com",
              "client_type": 3
            }
          ]
        }
      }
    },
    {
      "client_info": {
        "mobilesdk_app_id": "1:257121816686:android:6bd0d860f716e4358f567f",
        "android_client_info": {
          "package_name": "com.example.kristina"
        }
      },
      "oauth_client": [
        {
          "client_id": "257121816686-580j6sjhbtmphfuspr265domgir44d23.apps.googleusercontent.com",
          "client_type": 1,
          "android_info": {
            "package_name": "com.example.kristina",
            "certificate_hash": "5d043554897b6f1f000250f095863e82c22350dd"
          }
        },
        {
          "client_id": "257121816686-771jee03ahlu2hcdv9i7lst3j8a9vgbf.apps.googleusercontent.com",
          "client_type": 3
        }
      ],
      "api_key": [
        {
          "current_key": "AIzaSyAWhEYMrWzVVBFnLeQOWqVt7d7ubjG3VPQ"
        }
      ],
      "services": {
        "appinvite_service": {
          "other_platform_oauth_client": [
            {
              "client_id": "257121816686-771jee03ahlu2hcdv9i7lst3j8a9vgbf.apps.googleusercontent.com",
              "client_type": 3
            }
          ]
        }
      }
    },
    {
      "client_info": {
        "mobilesdk_app_id": "1:257121816686:android:6477262916075c028f567f",
        "android_client_info": {
          "package_name": "com.example.myapplication"
        }
      },
      "oauth_client": [
        {
          "client_id": "257121816686-rm16c35rletgcjiut4d3qef96ca5j31d.apps.googleusercontent.com",
          "client_type": 1,
          "android_info": {
            "package_name": "com.example.myapplication",
            "certificate_hash": "5d043554897b6f1f000250f095863e82c22350dd"
          }
        },
        {
          "client_id": "257121816686-771jee03ahlu2hcdv9i7lst3j8a9vgbf.apps.googleusercontent.com",
          "client_type": 3
        }
      ],
      "api_key": [
        {
          "current_key": "AIzaSyAWhEYMrWzVVBFnLeQOWqVt7d7ubjG3VPQ"
        }
      ],
      "services": {
        "appinvite_service": {
          "other_platform_oauth_client": [
            {
              "client_id": "257121816686-771jee03ahlu2hcdv9i7lst3j8a9vgbf.apps.googleusercontent.com",
              "client_type": 3
            }
          ]
        }
      }
    }
  ],
  "configuration_version": "1"
}